{"cameraMode":{"drawMode":0,"name":"Shaded","section":"Shading Mode"},"sceneLighting":false,"audioPlay":false,"sceneViewState":{"m_AlwaysRefresh":true,"showFog":true,"showSkybox":false,"showFlares":true,"showImageEffects":true,"showParticleSystems":true,"showVisualEffectGraphs":true,"m_FxEnabled":true},"in2DMode":false,"pivot":{"x":0.05904054641723633,"y":1.0692410469055176,"z":-0.03522825241088867},"rotation":{"x":0.07048381865024567,"y":0.8334592580795288,"z":-0.10938914120197296,"w":0.537045955657959},"size":4.403426647186279,"orthographic":false}