{"cameraMode":{"drawMode":0,"name":"Shaded","section":"Shading Mode"},"sceneLighting":true,"audioPlay":false,"sceneViewState":{"m_AlwaysRefresh":true,"showFog":true,"showSkybox":true,"showFlares":true,"showImageEffects":true,"showParticleSystems":true,"showVisualEffectGraphs":true,"m_FxEnabled":true},"in2DMode":false,"pivot":{"x":125.2992935180664,"y":180.30999755859376,"z":227.72747802734376},"rotation":{"x":0.20647910237312318,"y":-0.4830353558063507,"z":0.11838182806968689,"w":0.842657208442688},"size":3.5660250186920168,"orthographic":false}