{"cameraMode":{"drawMode":0,"name":"Shaded","section":"Shading Mode"},"sceneLighting":true,"audioPlay":false,"sceneViewState":{"m_AlwaysRefresh":true,"showFog":true,"showSkybox":true,"showFlares":true,"showImageEffects":true,"showParticleSystems":true,"showVisualEffectGraphs":true,"m_FxEnabled":true},"in2DMode":false,"pivot":{"x":125.29928588867188,"y":181.96499633789063,"z":224.44747924804688},"rotation":{"x":-0.15575344860553742,"y":0.8354474902153015,"z":-0.30053800344467165,"w":-0.43303802609443667},"size":12.124353408813477,"orthographic":false}