{"cameraMode":{"drawMode":0,"name":"Shaded","section":"Shading Mode"},"sceneLighting":true,"audioPlay":false,"sceneViewState":{"m_AlwaysRefresh":true,"showFog":true,"showSkybox":true,"showFlares":true,"showImageEffects":true,"showParticleSystems":true,"showVisualEffectGraphs":true,"m_FxEnabled":true},"in2DMode":false,"pivot":{"x":663.4657592773438,"y":257.81695556640627,"z":331.0811767578125},"rotation":{"x":0.009599190205335617,"y":-0.9778841137886047,"z":0.2038329690694809,"w":0.046086445450782779},"size":11.113852500915528,"orthographic":false}