{"cameraMode":{"drawMode":0,"name":"Shaded","section":"Shading Mode"},"sceneLighting":true,"audioPlay":false,"sceneViewState":{"m_AlwaysRefresh":true,"showFog":true,"showSkybox":true,"showFlares":true,"showImageEffects":true,"showParticleSystems":true,"showVisualEffectGraphs":true,"m_FxEnabled":true},"in2DMode":false,"pivot":{"x":669.0992431640625,"y":257.1891174316406,"z":331.0591125488281},"rotation":{"x":0.07794027775526047,"y":0.9002159833908081,"z":-0.18060925602912904,"w":0.38848045468330386},"size":126.47438049316406,"orthographic":false}