{"cameraMode":{"drawMode":0,"name":"Shaded","section":"Shading Mode"},"sceneLighting":true,"audioPlay":false,"sceneViewState":{"m_AlwaysRefresh":true,"showFog":true,"showSkybox":true,"showFlares":true,"showImageEffects":true,"showParticleSystems":true,"showVisualEffectGraphs":true,"m_FxEnabled":true},"in2DMode":false,"pivot":{"x":724.4254150390625,"y":270.59918212890627,"z":111.24430084228516},"rotation":{"x":0.007083656266331673,"y":-0.9080703258514404,"z":0.4186679720878601,"w":0.01588045060634613},"size":1.1473361253738404,"orthographic":false}