{"cameraMode":{"drawMode":0,"name":"Shaded","section":"Shading Mode"},"sceneLighting":false,"audioPlay":false,"sceneViewState":{"m_AlwaysRefresh":true,"showFog":true,"showSkybox":false,"showFlares":true,"showImageEffects":true,"showParticleSystems":true,"showVisualEffectGraphs":true,"m_FxEnabled":true},"in2DMode":false,"pivot":{"x":501.42999267578127,"y":249.58799743652345,"z":365.510009765625},"rotation":{"x":0.004875711165368557,"y":0.9913981556892395,"z":-0.038684237748384479,"w":0.12497559189796448},"size":1.250903844833374,"orthographic":false}